2026-04-01 20:55:31,066,INFO,CHART_GEN_COMPLETE,duration_ms=9757,base64_kb=645,screen_share_updated=YES
2026-04-01 20:55:37,212,INFO,CHART_GEN_COMPLETE,duration_ms=7816,base64_kb=645,screen_share_updated=YES
2026-04-01 20:56:01,128,INFO,CHART_GEN_COMPLETE,duration_ms=7815,base64_kb=645,screen_share_updated=YES
2026-04-01 20:56:24,800,INFO,CHART_GEN_COMPLETE,duration_ms=7494,base64_kb=450,screen_share_updated=YES
2026-04-01 20:56:48,993,INFO,CHART_GEN_COMPLETE,duration_ms=7679,base64_kb=450,screen_share_updated=YES
2026-04-01 20:57:13,049,INFO,CHART_GEN_COMPLETE,duration_ms=7735,base64_kb=450,screen_share_updated=YES
2026-04-01 20:57:37,677,INFO,CHART_GEN_COMPLETE,duration_ms=8373,base64_kb=450,screen_share_updated=YES
2026-04-01 20:57:45,500,INFO,CHART_GEN_COMPLETE,duration_ms=8188,base64_kb=450,screen_share_updated=YES
2026-04-01 20:58:09,058,INFO,CHART_GEN_COMPLETE,duration_ms=7745,base64_kb=450,screen_share_updated=YES
2026-04-01 20:58:32,991,INFO,CHART_GEN_COMPLETE,duration_ms=7675,base64_kb=450,screen_share_updated=YES
2026-04-01 20:58:56,807,INFO,CHART_GEN_COMPLETE,duration_ms=7498,base64_kb=450,screen_share_updated=YES
2026-04-01 20:59:20,625,INFO,CHART_GEN_COMPLETE,duration_ms=7319,base64_kb=450,screen_share_updated=YES
2026-04-01 20:59:44,772,INFO,CHART_GEN_COMPLETE,duration_ms=7464,base64_kb=450,screen_share_updated=YES
2026-04-01 21:00:08,880,INFO,CHART_GEN_COMPLETE,duration_ms=7575,base64_kb=448,screen_share_updated=YES
2026-04-01 21:00:32,880,INFO,CHART_GEN_COMPLETE,duration_ms=7572,base64_kb=449,screen_share_updated=YES
2026-04-01 21:00:58,870,INFO,CHART_GEN_COMPLETE,duration_ms=9547,base64_kb=449,screen_share_updated=YES
2026-04-01 21:01:06,028,INFO,CHART_GEN_COMPLETE,duration_ms=8716,base64_kb=449,screen_share_updated=YES
2026-04-01 21:01:29,180,INFO,CHART_GEN_COMPLETE,duration_ms=7873,base64_kb=453,screen_share_updated=YES
2026-04-01 21:01:54,494,INFO,CHART_GEN_COMPLETE,duration_ms=9180,base64_kb=453,screen_share_updated=YES
2026-04-01 21:02:01,296,INFO,CHART_GEN_COMPLETE,duration_ms=7993,base64_kb=453,screen_share_updated=YES
2026-04-01 21:02:24,941,INFO,CHART_GEN_COMPLETE,duration_ms=7633,base64_kb=454,screen_share_updated=YES
2026-04-01 21:02:48,980,INFO,CHART_GEN_COMPLETE,duration_ms=7672,base64_kb=454,screen_share_updated=YES
2026-04-01 21:03:12,831,INFO,CHART_GEN_COMPLETE,duration_ms=7525,base64_kb=455,screen_share_updated=YES
2026-04-01 21:03:36,653,INFO,CHART_GEN_COMPLETE,duration_ms=7345,base64_kb=455,screen_share_updated=YES
2026-04-01 21:04:01,191,INFO,CHART_GEN_COMPLETE,duration_ms=7889,base64_kb=455,screen_share_updated=YES
2026-04-01 21:04:27,481,INFO,CHART_GEN_COMPLETE,duration_ms=10177,base64_kb=452,screen_share_updated=YES
2026-04-01 21:04:34,521,INFO,CHART_GEN_COMPLETE,duration_ms=9216,base64_kb=452,screen_share_updated=YES
2026-04-01 21:04:56,876,INFO,CHART_GEN_COMPLETE,duration_ms=7571,base64_kb=452,screen_share_updated=YES
2026-04-01 21:05:23,303,INFO,CHART_GEN_COMPLETE,duration_ms=9998,base64_kb=453,screen_share_updated=YES
2026-04-01 21:05:30,676,INFO,CHART_GEN_COMPLETE,duration_ms=9368,base64_kb=453,screen_share_updated=YES
2026-04-01 21:05:55,609,INFO,CHART_GEN_COMPLETE,duration_ms=10301,base64_kb=453,screen_share_updated=YES
2026-04-01 21:06:02,374,INFO,CHART_GEN_COMPLETE,duration_ms=9068,base64_kb=453,screen_share_updated=YES
2026-04-01 21:06:25,723,INFO,CHART_GEN_COMPLETE,duration_ms=8420,base64_kb=456,screen_share_updated=YES
2026-04-01 21:06:33,906,INFO,CHART_GEN_COMPLETE,duration_ms=8589,base64_kb=456,screen_share_updated=YES
2026-04-01 21:06:56,964,INFO,CHART_GEN_COMPLETE,duration_ms=7655,base64_kb=456,screen_share_updated=YES
2026-04-01 21:07:20,994,INFO,CHART_GEN_COMPLETE,duration_ms=7691,base64_kb=456,screen_share_updated=YES
2026-04-01 21:07:44,713,INFO,CHART_GEN_COMPLETE,duration_ms=7404,base64_kb=456,screen_share_updated=YES
2026-04-01 21:08:09,229,INFO,CHART_GEN_COMPLETE,duration_ms=7916,base64_kb=452,screen_share_updated=YES
2026-04-01 21:08:33,129,INFO,CHART_GEN_COMPLETE,duration_ms=7822,base64_kb=452,screen_share_updated=YES
2026-04-01 21:08:56,799,INFO,CHART_GEN_COMPLETE,duration_ms=7495,base64_kb=452,screen_share_updated=YES
2026-04-01 21:09:21,099,INFO,CHART_GEN_COMPLETE,duration_ms=7786,base64_kb=455,screen_share_updated=YES
2026-04-01 21:09:44,621,INFO,CHART_GEN_COMPLETE,duration_ms=7308,base64_kb=455,screen_share_updated=YES
